{
	 "rootnode": {
		 "name": "RootNode"
		,"transformation": [
			 1
			,0
			,0
			,0
			,0
			,1
			,0
			,0
			,0
			,0
			,1
			,0
			,0
			,0
			,0
			,1
		]
		,"children": [
			{
				 "name": "Plane.001"
				,"transformation": [
					 -173.73
					,0
					,0
					,-9804.67
					,0
					,2.83042e-005
					,-173.73
					,249.745
					,0
					,173.73
					,2.83042e-005
					,8184.84
					,0
					,0
					,0
					,1
				]
				,"meshes": [
					 0
				]
			}
		]
	}
	,"flags": 8
	,"meshes": [
		{
			 "name": "Plane.550"
			,"materialindex": 0
			,"primitivetypes": 4
			,"vertices": [
				 21.1464
				,-131.385
				,-11.9283
				,21.4993
				,-117.92
				,-11.0031
				,21.4993
				,-117.92
				,-27.9443
				,21.1464
				,-131.385
				,-27.9443
				,18.2251
				,-117.92
				,-10.8916
				,18.2251
				,-132.637
				,-11.9164
				,18.2251
				,-132.637
				,-27.9443
				,18.2251
				,-117.92
				,-27.9434
				,21.1464
				,-131.385
				,-0.521325
				,21.4993
				,-117.92
				,-0.539468
				,21.4993
				,-117.92
				,-0.539468
				,21.4993
				,-56.5422
				,-0.203271
				,21.4993
				,-56.5422
				,-9.81668
				,21.4993
				,-117.92
				,-11.0031
				,21.4993
				,-25.8336
				,-0.290717
				,21.4993
				,-25.8336
				,-10.761
				,21.4993
				,-0.349045
				,-0.521325
				,21.4993
				,-0.349045
				,-11.9476
				,21.4993
				,-117.92
				,-36.4277
				,21.1464
				,-131.385
				,-36.4277
				,18.2251
				,-132.637
				,-36.4277
				,18.2251
				,-117.92
				,-36.4277
				,18.2251
				,-56.5422
				,-9.56386
				,18.2251
				,-56.5422
				,-27.9434
				,21.4993
				,-56.5422
				,-27.9443
				,21.4993
				,-117.92
				,-27.9443
				,18.2251
				,-25.8336
				,-10.6199
				,18.2251
				,-25.8336
				,-27.9438
				,21.4993
				,-25.8336
				,-27.9443
				,18.2251
				,-0.349045
				,-11.9476
				,18.2251
				,-25.8336
				,-27.9438
				,18.2251
				,-0.349045
				,-27.9443
				,21.4993
				,-0.349045
				,-11.9476
				,21.4993
				,-0.349045
				,-27.9443
				,18.2251
				,-132.637
				,-36.4277
				,21.1464
				,-131.385
				,-36.4277
				,21.4993
				,-117.92
				,-36.4277
				,18.2251
				,-117.92
				,-36.4277
				,21.4993
				,-56.5422
				,-36.4277
				,18.2251
				,-56.5422
				,-36.4277
				,21.4993
				,-25.8336
				,-36.4277
				,18.2251
				,-25.8336
				,-36.4277
				,21.4993
				,-0.349045
				,-36.4277
				,18.2251
				,-0.349045
				,-36.4277
				,18.2251
				,-56.5422
				,-36.4277
				,21.4993
				,-56.5422
				,-36.4277
				,21.4993
				,-117.92
				,-36.4277
				,18.2251
				,-25.8336
				,-36.4277
				,21.4993
				,-25.8336
				,-36.4277
				,18.2251
				,-25.8336
				,-36.4277
				,18.2251
				,-0.349045
				,-36.4277
				,21.4993
				,-0.349045
				,-27.9443
				,21.4993
				,-0.349045
				,-36.4277
				,21.4993
				,-0.349045
				,-36.4277
				,21.4993
				,-0.349045
				,-27.9443
				,18.9311
				,-0.349045
				,-27.9443
				,18.9311
				,-0.349045
				,-36.4277
				,21.4993
				,-0.349045
				,-27.9443
				,21.4993
				,-0.349045
				,-11.9476
				,18.9311
				,-0.349045
				,-11.9476
				,18.9311
				,-0.349045
				,-27.9443
				,21.4993
				,-0.349045
				,-11.9476
				,21.4993
				,-0.349045
				,-0.521325
				,18.9311
				,-0.349045
				,-0.521325
				,18.9311
				,-0.349045
				,-11.9476
			]
			,"normals": [
				 -0.999657
				,0.0261999
				,0
				,-0.999657
				,0.0261999
				,0
				,-0.999657
				,0.0261999
				,0
				,-0.999657
				,0.0261999
				,0
				,1
				,-6.96516e-008
				,0
				,1
				,-6.96516e-008
				,0
				,1
				,-6.96516e-008
				,0
				,1
				,-6.96516e-008
				,0
				,-0.999657
				,0.0261999
				,0
				,-0.999657
				,0.0261999
				,0
				,-1
				,-9.28683e-009
				,0
				,-1
				,-9.28683e-009
				,0
				,-1
				,-9.28683e-009
				,0
				,-1
				,-9.28683e-009
				,0
				,-1
				,4.94818e-008
				,0
				,-1
				,4.94818e-008
				,0
				,-1
				,0
				,0
				,-1
				,0
				,0
				,-0.999657
				,0.0261998
				,0
				,-0.999657
				,0.0261998
				,0
				,1
				,-1.22216e-007
				,0
				,1
				,-1.22216e-007
				,0
				,1
				,0
				,0
				,1
				,0
				,0
				,-1
				,0
				,0
				,-1
				,0
				,0
				,1
				,1.2885e-008
				,0
				,1
				,1.2885e-008
				,0
				,-1
				,0
				,0
				,1
				,-4.85818e-008
				,0
				,1
				,-4.85818e-008
				,0
				,1
				,-4.85818e-008
				,0
				,-1
				,7.21816e-008
				,0
				,-1
				,7.21816e-008
				,0
				,7.00925e-007
				,0
				,1
				,7.00925e-007
				,0
				,1
				,7.00925e-007
				,0
				,1
				,7.00925e-007
				,0
				,1
				,0
				,0
				,1
				,0
				,0
				,1
				,0
				,0
				,1
				,0
				,0
				,1
				,0
				,0
				,1
				,0
				,0
				,1
				,1
				,0
				,0
				,-1
				,0
				,0
				,-1
				,0
				,0
				,1
				,5.85675e-008
				,0
				,-1
				,0
				,0
				,1
				,0
				,0
				,1
				,0
				,0
				,-1
				,0
				,0
				,-1
				,0
				,0
				,0
				,-1
				,0
				,0
				,-1
				,0
				,0
				,-1
				,0
				,0
				,-1
				,0
				,0
				,-1
				,0
				,0
				,-1
				,0
				,0
				,-1
				,0
				,0
				,-1
				,0
				,0
				,-1
				,0
				,0
				,-1
				,0
				,0
				,-1
				,0
				,0
				,-1
				,0
			]
			,"tangents": [
				 0
				,0
				,-1
				,0
				,0
				,-1
				,0
				,0
				,-1
				,0
				,0
				,-1
				,4.51229e-008
				,0.97184
				,-0.23564
				,6.76395e-008
				,0.971112
				,-0.238626
				,8.46956e-008
				,0.971631
				,-0.236503
				,5.08157e-008
				,0.972645
				,-0.232298
				,0
				,0
				,-1
				,0
				,0
				,-1
				,-8.99563e-009
				,0.968643
				,0.248456
				,9.44643e-009
				,0.959899
				,0.280345
				,5.66899e-009
				,0.961484
				,0.27486
				,-5.99713e-009
				,0.969334
				,0.245746
				,3.10175e-008
				,0.883997
				,0.467493
				,3.22494e-008
				,0.900021
				,0.435846
				,0
				,0.589491
				,0.807775
				,0
				,0.762403
				,0.647103
				,0
				,0
				,-1
				,0
				,0
				,-1
				,1.18705e-007
				,0.971276
				,-0.237954
				,7.91374e-008
				,0.970698
				,-0.240301
				,-4.26299e-009
				,0.98149
				,-0.191512
				,-1.41946e-008
				,0.982249
				,-0.187582
				,0
				,0.969395
				,0.245508
				,0
				,0.97082
				,0.239808
				,5.53837e-009
				,0.994888
				,0.100981
				,-2.08841e-008
				,0.99724
				,-0.0742513
				,1.34991e-008
				,0.957511
				,0.288398
				,4.22444e-008
				,0.869553
				,0.49384
				,4.22444e-008
				,0.869553
				,0.49384
				,2.99554e-008
				,0.962364
				,0.271764
				,-6.29202e-009
				,-0.0871693
				,0.996194
				,6.72304e-008
				,0.931406
				,0.363983
				,0.239107
				,0.970993
				,-1.67596e-007
				,0.239003
				,0.971019
				,-1.67523e-007
				,0.239483
				,0.9709
				,-1.11731e-007
				,0.24502
				,0.969518
				,-1.11735e-007
				,0.245039
				,0.969513
				,0
				,0.260157
				,0.965566
				,0
				,0.228834
				,0.973465
				,0
				,0.240199
				,0.970724
				,0
				,0.186405
				,0.982473
				,0
				,0.186405
				,0.982473
				,0
				,-1.90133e-008
				,0.971014
				,-0.239024
				,0
				,0.973009
				,0.230768
				,0
				,0.971073
				,0.238784
				,-5.70378e-008
				,0.973881
				,-0.227061
				,0
				,0.98143
				,0.191823
				,0
				,0.975235
				,-0.221172
				,0
				,0.975235
				,-0.221172
				,0
				,0.0824802
				,0.996593
				,0
				,0.989317
				,0.14578
				,1
				,0
				,0
				,1
				,0
				,0
				,1
				,0
				,0
				,1
				,0
				,0
				,-1
				,0
				,0
				,-1
				,0
				,0
				,-1
				,0
				,0
				,-1
				,0
				,0
				,1
				,0
				,0
				,1
				,0
				,0
				,1
				,0
				,0
				,1
				,0
				,0
			]
			,